URL,Titulo,Precio (€),Color,Temperatura (°C),Descripción
https://www.marphil.com/producto/arcilla-refractaria-teide-prgf-5kg/,Arcilla Refractaria Teide (PRGF) *5Kg,6.36,Refractaria,1000-1300,"La Arcilla Refractaria Teide 5 Kg (*PRGF) es la pasta conocida como Refractario Marrón chamotado fino, pero en este caso en formato de 5 Kg. Chamota de 0-0,5 que resulta apta también para torno.
Una muy buena idea del fabricante para poder probar distintas pastas o bien realizar un trabajo puntual.
Pasta de gres para escultura y modelado. Plasticidad excelente.
La arcilla TEIDE es ideal para modelar piezas con carácter (textura rugosa) o de gran tamaño. Contiene un 40% de chamota 0-0.5 mm, que le proporciona un comportamiento excepcional durante el secado y la cocción. Es perfecta para hobby cerámico pues posee un amplio rango de cocción desde 1000ºC a 1300ºC, desarrollando una particular gama de colores que van del lila al marrón tostado, con destonificaciones que realzan el relieve y la convierten en un medio de expresión artístico ideal. Por su excepcional plasticidad, es especialmente adecuada para modelado y escultura."
https://www.marphil.com/producto/wb-01766-t-gres-polvo-5kg/,WB 01766-T GRES POLVO 5kg.,13.58,blanco,1000-1250,Pasta clásica de gres blanco. Se presenta en polvo para colaje. Muy utilizada como engobe de alta Temperatura. Dureza: (en polvo). Rango cocción: 1000ºC-1250ºC. Presentación: sacos 5 kg
https://www.marphil.com/producto/art-13-gres-polvo-saco-25-kg/,Art-13 Gres POLVO Saco 25 Kg,39,Natural,1240-1280,"El gres en polvo ART-13 es una arcilla atomizada con defloculantes incorporados. Preparada para adicionar agua y trabajar la técnica de colada para la réplica de piezas en molde. Tras un primer bizcochado en torno a 1.000ºC, coceremos en un rango recomendado entre 1240 y 1280ºC.
La proporción standard, sujeta a modificaciones por características de la pieza, ambientales, etc, es de 10 kg polvo por 4 de agua, en peso.
Contracción de secado:  4 – 5 %
Pérdida al fuego:   5,5 – 6%
FICHA TÉCNICA"
https://www.marphil.com/producto/porcelana-liquida-aneto-slip-3-5-l/,Porcelana líquida ANETO SLIP 3.5 l.,26.03,Natural,1230-1270,"ANETO SLIP es una porcelana blanca traslúcida en barbotina para colaje. Su fórmula es muy estable y permite un rango de cocción seguro entre 1230 y 1270ºC. Apto para vajilla (food-safe), según ISO 6486.
Se presenta en un práctico bidón de 3,5 litros (6 kg) con tapón de rosca con precinto de seguridad y sello termosellado hermético.
Temperatura de cocción*: 1230-1270ºC
Temperatura bizcocho: 1000ºC
Densidad: 1.7 g/cm3
Contracción cocción 1250ºC: 11.2%
Porosidad (absorción de agua) 1250ºC: 0.0%
(*) Rango de cocción recomendado para que la pasta desarrolle sus mejores prestaciones, tanto a nivel de características técnicas como de seguridad, en condiciones de cocción convencionales. Las muestras de color pueden mostrar temperaturas fuera del rango recomendado para brindar una visión más amplia, pero se trata de piezas cocidas en condiciones controladas."
https://www.marphil.com/producto/gres-verde-esmeralda-1080oc-5-kg-media-temperatura/,Gres Verde Esmeralda 1080ºC 5 Kg. Media temperatura,29.81,Verde,1080-1100,"GRES VERDE ESMERALDA SG60
Gres de media temperatura con alta resistencia al choque mecánico.
Pasta extrusionada de bajo coste energético .
Adecuada tanto para torno como para modelado.
Recomendada para cerámica de uso decorativo y utilitario.
Se puede introducir en lavavajillas y microondas.
Temperatura de cocción recomendada 1080º-1100ºC
Formato:
Pastilla de 5 Kg."
https://www.marphil.com/producto/arcilla-blanca-en-polvo-europa/,Arcilla Blanca EUROPA en POLVO,9.68,Natural,1000-1050,"Arcilla Blanca (denominada comercialmente EUROPA) lista para mezclar con agua y verter en los moldes de escayola para realizar réplicas por colado.
Se suministra en 5 kg. y saco de 25 kg de arcilla en polvo con defloculantes incorporados.
**Recordatorio: toda arcilla blanca es conveniente bizcocharla a 1.000º al menos (1050 sin problema), para que la cal quede liberada y no dé problemas de esmaltado posteriormente.
FICHA TÉCNICA"
https://www.marphil.com/producto/arcilla-roja-5-kg-sio2/,Arcilla roja 5 Kg. SIO2,4.67,Natural,970-1050,"SIO-2® ARGILA es arcilla de composición 100% natural (arcilla de alfarero). Fácil y agradable de trabajar. Ideal para el modelado, la escultura y el torneado. Apta para uso infantil. Es un material didáctico muy adecuado en el desarrollo de la creatividad. Recomendada para manualidades y artes creativas, así como para otras muchas aplicaciones en las que se requiera una arcilla natural.
Es una arcilla muy pura y finamente molida. Presenta una plasticidad excelente para obtener el mejor rendimiento durante el modelado, secado y cocción.
Una vez realizada la pieza deseada, se deja secar al aire. Una vez seca, se recomienda cocer en horno cerámico (entre 970 y 1050ºC) y decorar con esmaltes cerámicos.
Conforme a la normativa europea EN-71 y a la normativa USA (sello AP producto no tóxico).
No contiene alérgenos alimentarios.
5 Kg."
https://www.marphil.com/producto/gres-azul-1080oc-5-kg-media-temperatura/,Gres Azul 1080ºC 5 Kg. Media temperatura,26.75,Azul,1080-1100,"GRES AZUL SG60
Gres de media temperatura con alta resistencia al choque mecánico.
Pasta extrusionada de bajo coste energético .
Adecuada tanto para torno como para modelado.
Recomendada para cerámica de uso decorativo y utilitario.
Se puede introducir en lavavajillas y microondas.
Temperatura de cocción recomendada 1080º-1100ºC
Formato:
Pastilla de 5 Kg."
https://www.marphil.com/producto/gres-maquillaje-1080oc-5-kg-media-temperatura/,Gres Maquillaje 1080ºC 5 Kg. Media temperatura,6.49,Maquillaje,1080-1100,"GRES COLOR MAQUILLAJE SG60
Gres de media temperatura con alta resistencia al choque mecánico.
Pasta extrusionada de bajo coste energético .
Adecuada tanto para torno como para modelado.
Recomendada para cerámica de uso decorativo y utilitario.
Se puede introducir en lavavajillas y microondas.
Temperatura de cocción recomendada 1080º-1100ºC
Formato:
Pastilla de 5 Kg."
https://www.marphil.com/producto/gres-negro-1080oc-5-kg-media-temperatura/,Gres Negro 1080ºC 5 Kg. Media temperatura,19.37,Negro,1080-1100,"GRES NEGRO SG60
Gres de media temperatura con alta resistencia al choque mecánico.
Pasta extrusionada de bajo coste energético .
Adecuada tanto para torno como para modelado.
Recomendada para cerámica de uso decorativo y utilitario.
Se puede introducir en lavavajillas y microondas.
Temperatura de cocción recomendada 1080º-1100ºC
Formato:
Pastilla de 5 Kg."
https://www.marphil.com/producto/gres-ocre-1080oc-5-kg-media-temperatura/,Gres Ocre 1080ºC 5 Kg. Media temperatura,8.28,Natural,1080-1100,"GRES OCRE SG60
Gres de media temperatura con alta resistencia al choque mecánico.
Pasta extrusionada de bajo coste energético .
Adecuada tanto para torno como para modelado.
Recomendada para cerámica de uso decorativo y utilitario.
Se puede introducir en lavavajillas y microondas.
Temperatura de cocción recomendada 1080º-1100ºC
Formato:
Pastilla de 5 Kg."
https://www.marphil.com/producto/gres-rojo-1080oc-5-kg-media-temperatura/,Gres Rojo 1080ºC 5 Kg. Media temperatura,6.44,Rojo,1080-1100,"GRES ROJO SG60
Gres de media temperatura con alta resistencia al choque mecánico.
Pasta extrusionada de bajo coste energético .
Adecuada tanto para torno como para modelado.
Recomendada para cerámica de uso decorativo y utilitario.
Se puede introducir en lavavajillas y microondas.
Temperatura de cocción recomendada 1080º-1100ºC
Formato:
Pastilla de 5 Kg."
https://www.marphil.com/producto/gres-con-chamota-negra-wm-3020-fs-10-kg/,Gres con Chamota negra WM 3020 FS 10 Kg.,17.84,Chamota,1250-1250,"Gres de la firma alemana Sibelco.
Formato de venta 10 Kg.
Temperatura recomendada 1220 a 1250ºC.
**Chamota gruesa: no recomendada para torno y sí para procesos escultóricos."
https://www.marphil.com/producto/gres-crema-moteado-wms-2502/,Gres Moteado WMS-2502 10 kg,16.72,Crema,1100-1280,"Gres Crema Moteado WMS-2502 de la firma Sibelco.
Temperatura 1100ºC-1280ºC.
Tiene chamota impalpable, siendo recomendable tanto para torno como para modelado.
Se suministra en formato de 10 Kg.
Muy demandado para originales creaciones ornamentales y vajillería."
https://www.marphil.com/producto/gres-moteado-luna-125-kg/,"Gres moteado Luna 12,5 Kg",18.09,blanco,1050-1080,"Pasta de gres moteado con chamota impalpable 0-0.2 mm. Diseñada para cerámica artística, contiene minerales fundentes que desarrollan una seductora superficie con puntos oscuros de distintos tamaños y tonalidades que destacan en una matriz de color blanco marfil. Su elevado contenido en chamota le proporciona un excelente comportamiento durante el secado y la cocción. La decoración con esmaltes transparentes es ideal para realzar la viveza del efecto moteado. Disponible en pasta plástica extrusionada.
Recomendación importante:
La viveza del moteado de la pasta LUNA se origina gracias a minerales naturales que pueden incluir trazas de otros minerales que pueden rehidratarse tras la cocción a baja temperatura y producir desconches. Para evitarlo, se recomienda cocer el bizcocho a mayor temperatura (1050-1080ºC). Si se trabaja directamente en monococción, el problema no existe, o bien esmaltando a continuación del bizcochado, sin dejar pasar tiempo en el que la pieza coja humedad.
Temperatura de cocción: 1200-1260ºC
Temperatura bizcocho: 1000ºC
Humedad: 19%
Contracción secado: 5.8%
Contracción cocción 1260ºC: 5.3%
Formato: envase de 12.5 Kg."
https://www.marphil.com/producto/porcelana-polvo-blanca-sa/,Porcelana POLVO Blanca SA 25 Kg.,51.73,blanco,1260-1280,"La Porcelana en polvo Blanca SA está elaborada para la preparación de barbotina destinada a la realización de piezas por colada. Disponible en sacos de 25 Kg.
Para la preparación de la barbotina sólo hay que añadir el agua, ya que contiene el defloculante para la mezcla.
Color blanco. Temperatura de cocción de 1260-1280ºC.
Específica para la fabricación de vajillas y piezas de cerámica decorativa.
Para las arcillas de colada establecemos una proporción general de 10 partes de polvo x 4 de agua, en peso, si bien podemos modificar esta medida en función de las necesidades concretas.
FICHA TÉCNICA"
https://www.marphil.com/producto/porcelana-kpcl-pt010b-20-kg/,Porcelana KPCL PT010B 20 Kg,81.3,Natural,950-980,"La porcelana KPCL PT010B de Limoges (translúcida) es una pasta extrusionada para torno y modelado. Para cerámica artística, decorativa y vajilla.
Dureza: torno
Temperatura recomendada en oxidación 1230ºC y en reducción 1270ºC.
Temperatura del bizcocho 950º-980ºC en oxidación.
Se presenta en bolsa de 20 Kg (dividida en 2 bloques de 10 Kg cada uno)."
https://www.marphil.com/producto/arcilla-blanca-5-kg-sio2/,Arcilla blanca 5 Kg. SIO2,5.46,Natural,970-1050,"SIO-2® ARGILA es arcilla de composición 100% natural (arcilla de alfarero). Fácil y agradable de trabajar. Ideal para el modelado, la escultura y el torneado. Apta para uso infantil. Es un material didáctico muy adecuado en el desarrollo de la creatividad. Recomendada para manualidades y artes creativas, así como para otras muchas aplicaciones en las que se requiera una arcilla natural.
Es una arcilla muy pura y finamente molida. Presenta una plasticidad excelente para obtener el mejor rendimiento durante el modelado, secado y cocción.
Una vez realizada la pieza deseada, se deja secar al aire. Una vez seca, se recomienda cocer en horno cerámico (entre 970 y 1050ºC) y decorar con esmaltes cerámicos.
Conforme a la normativa europea EN-71 y a la normativa USA (sello AP producto no tóxico).
No contiene alérgenos alimentarios."
https://www.marphil.com/producto/kit-de-ceramica-sio-2-pottery-kit/,Kit de cerámica SIO-2 POTTERY KIT,29.39,Natural,980-980,"Abre las puertas de la creatividad con el completo kit de cerámica SIO-2. Incluye todo lo que necesitas para modelar y crear piezas únicas de cerámica en la comodidad desde tu hogar. Tanto si eres un principiante o un artista experimentado, este kit es el lienzo para dar rienda suelta a tu imaginación y crear tus primeras obras de cerámica.
Contenido del kit:
– 1 kg de arcilla blanca SIO-2 PLUS®: arcilla de alta calidad que endurece al aire, sin necesidad de horno, lo que la hace perfecta para crear proyectos en casa.
– Rodillo: para alisar y dar forma a la arcilla de manera uniforme.
– 2 palillos de madera: esenciales para modelar y detallar tus creaciones.
– Vaciador de madera: para tallar, suavizar y detallar con precisión.
– Media luna de madera: ideal para cortar y suavizar las pequeñas imperfecciones.
– Esponja: para suavizar y pulir los detalles.
– Barniz: protege y realza tus creaciones, dándoles un acabado profesional.
– Pincel: para aplicar el barniz.
El kit de cerámica SIO-2 te ofrece la oportunidad de explorar tu creatividad al máximo. Además de los materiales y herramientas de alta calidad, incluye un dossier detallado con tres técnicas esenciales e ideas para modelar cerámica. ¡No importa si eres principiante o experto, este kit es adecuado para todos los públicos! Perfecto para regalar o para disfrutar en tus momentos de tiempo libre.
Descubre cómo crear hermosas piezas de cerámica utilizando solo los elementos proporcionados en el kit, sin necesidad de nada más. ¡Sin límites para tu imaginación!"
https://www.marphil.com/producto/arcilla-plus-gris-1-kg/,Arcilla Plus Gris 1 Kg.,4.62,Gris,980-980,"SIO-2 PLUS® es la arcilla natural para modelar que endurece al aire sin necesidad de cocción, adquiriendo gran dureza, resistencia y solidez.
Es un material muy adecuado en el desarrollo de la capacidad de creación y expresión plástica. Muy recomendado para manualidades y artes creativas profesionales, pero, a la vez, apto para uso infantil (a partir de 3 años).
La arcilla PLUS tiene una textura suave y fina al tacto y ausencia de olor. Ideal para modelar realizando detalles muy finos. Su composición arcillosa le confiere una plasticidad excelente para el modelado (se puede tornear en torno de alfarero) y la presencia de fibras naturales de celulosa permiten un secado seguro sin grietas ni fisuras, aún con piezas grandes.
Una vez seca, puede colorearse o barnizarse con cualquier tipo de pintura o barniz. También puede pulirse, tallarse o perforarse.
Este color gris lo tenemos en formato de 1 Kg.
Conforme a la normativa europea EN-71 y a la normativa USA (sello AP producto no tóxico).
No contiene alérgenos alimentarios."
https://www.marphil.com/producto/arcilla-plus-negro-1-kg/,Arcilla Plus Negro 1 Kg.,4.62,Negro,980-980,"SIO-2 PLUS® es la arcilla natural para modelar que endurece al aire sin necesidad de cocción, adquiriendo gran dureza, resistencia y solidez.
Es un material muy adecuado en el desarrollo de la capacidad de creación y expresión plástica. Muy recomendado para manualidades y artes creativas profesionales, pero, a la vez, apto para uso infantil (a partir de 3 años).
La arcilla PLUS tiene una textura suave y fina al tacto y ausencia de olor. Ideal para modelar realizando detalles muy finos. Su composición arcillosa le confiere una plasticidad excelente para el modelado (se puede tornear en torno de alfarero) y la presencia de fibras naturales de celulosa permiten un secado seguro sin grietas ni fisuras, aún con piezas grandes.
Una vez seca, puede colorearse o barnizarse con cualquier tipo de pintura o barniz. También puede pulirse, tallarse o perforarse.
Este color negro lo tenemos en formato de 1 Kg.
Conforme a la normativa europea EN-71 y a la normativa USA (sello AP producto no tóxico).
No contiene alérgenos alimentarios."
https://www.marphil.com/producto/pasta-sin-coccion-plus-1-5-kg/,Pasta Sin Cocción PLUS 1.5 Kg,5.46,Natural,0-0,"SIO-2 PLUS® es arcilla natural para modelar que endurece al aire sin necesidad de cocción, adquiriendo gran dureza, resistencia y solidez. Es un material muy adecuado en el desarrollo de la capacidad de creación y expresión plástica. Muy recomendado para manualidades y artes creativas profesionales, así como para uso infantil.
La arcilla SIO-2 PLUS® tiene una textura suave, agradable y fina al tacto. Su composición de arcilla le confiere una excelente plasticidad para modelar realizando detalles muy finos. También se puede tornear en torno de alfarero. Inodora y no mancha. Los restos de arcilla se pueden quitar fácilmente de cualquier superficie con un paño húmedo. La presencia de fibras naturales de celulosa permite un secado seguro sin grietas ni fisuras, incluso en piezas grandes. Una vez seca, la arcilla se puede pintar o barnizar con cualquier tipo de pintura o barniz. También se puede pulir, tallar o perforar.
Ideas para modelas con Sio2 Plus
Arcillas de secado al aire, para hacer cerámica dónde y cuándo te apetezca
"
https://www.marphil.com/producto/arcilla-plus-extra-blanco-5-kg/,Arcilla Plus EXTRA BLANCO 5 Kg.,20.67,BLANCO,980-980,"Arcilla Plus EXTRA BLANCO 5 Kg. de la marca Sio-2 PLUS es la arcilla natural para modelar que endurece al aire sin necesidad de cocción, adquiriendo gran dureza, similar a la cerámica cocida.
Apta para uso infantil (a partir de 3 años) Sio-2 PLUS es un material didáctico muy adecuado en el desarrollo de la percepción y creatividad. Su naturaleza arcillosa le confiere una plasticidad excelente para el modelado y la presencia de fibras naturales de celulosa permiten un secado seguro sin grietas ni fisuras, aún con piezas grandes.
Está compuesta básicamente por arcillas naturales, lo que se aprecia en su tacto, plasticidad y, sobre todo, en su olor, diferenciándose de las pastas sintéticas, habitualmente caracterizadas por ofensivos olores.
A diferencia de las pastas endurecibles del mercado, la Sio-2 PLUS puede tornearse y cocerse en horno cerámico. Una vez seca, puede colorearse o barnizarse con cualquier tipo de pintura o barniz. También puede pulirse, tallarse o perforarse.
Conforme a la normativa europea EN-71/3 y a la normativa USA (sello AP producto no tóxico)."
https://www.marphil.com/producto/plus-terracota-5-kg/,Plus Terracota 5 Kg,17,Natural,980-980,"Plus Terracota 5 Kg de la marca Sio-2 PLUS es la arcilla natural para modelar que endurece al aire sin necesidad de cocción, adquiriendo gran dureza, similar a la cerámica cocida.
Apta para uso infantil (a partir de 3 años) Sio-2 PLUS es un material didáctico muy adecuado en el desarrollo de la percepción y creatividad. Su naturaleza arcillosa le confiere una plasticidad excelente para el modelado y la presencia de fibras naturales de celulosa permiten un secado seguro sin grietas ni fisuras, aún con piezas grandes.
Está compuesta básicamente por arcillas naturales, lo que se aprecia en su tacto, plasticidad y, sobre todo, en su olor, diferenciándose de las pastas sintéticas, habitualmente caracterizadas por ofensivos olores.
A diferencia de las pastas endurecibles del mercado, la Sio-2 PLUS puede tornearse y cocerse en horno cerámico. Una vez seca, puede colorearse o barnizarse con cualquier tipo de pintura o barniz. También puede pulirse, tallarse o perforarse.
Conforme a la normativa europea EN-71/3 y a la normativa USA (sello AP producto no tóxico).
Arcillas de secado al aire, para hacer cerámica dónde y cuándo te apetezca
"
https://www.marphil.com/producto/pasta-plus-blanco-10-kg/,Pasta Sin Cocción PLUS BLANCO 10 Kg.,28.4,BLANCO,980-980,"Sio-2 PLUS es la arcilla natural para modelar que endurece al aire sin necesidad de cocción, adquiriendo gran dureza, similar a la cerámica cocida.
Apta para uso infantil (a partir de 3 años) Sio-2 PLUS es un material didáctico muy adecuado en el desarrollo de la percepción y creatividad. Su naturaleza arcillosa le confiere una plasticidad excelente para el modelado y la presencia de fibras naturales de celulosa permiten un secado seguro sin grietas ni fisuras, aún con piezas grandes. Está compuesta básicamente por arcillas naturales, lo que se aprecia en su tacto, plasticidad y, sobre todo, en su olor, diferenciándose de las pastas sintéticas, habitualmente caracterizadas por ofensivos olores.
A diferencia de las pastas endurecibles del mercado, la Sio-2 PLUS puede tornearse y cocerse en horno cerámico. Una vez seca, puede colorearse o barnizarse con cualquier tipo de pintura o barniz. También puede pulirse, tallarse o perforarse.
Conforme a la normativa europea EN-71/3 y a la normativa USA (sello AP producto no tóxico).
Arcillas de secado al aire, para hacer cerámica dónde y cuándo te apetezca
"
https://www.marphil.com/producto/plus-terracota-10-kg/,Pasta Sin Cocción PLUS TERRACOTA 10 Kg.,28.4,Natural,980-980,"Sio-2 PLUS es la arcilla natural para modelar que endurece al aire sin necesidad de cocción, adquiriendo gran dureza, similar a la cerámica cocida.
Apta para uso infantil (a partir de 3 años) Sio-2 PLUS es un material didáctico muy adecuado en el desarrollo de la percepción y creatividad. Su naturaleza arcillosa le confiere una plasticidad excelente para el modelado y la presencia de fibras naturales de celulosa permiten un secado seguro sin grietas ni fisuras, aún con piezas grandes. Está compuesta básicamente por arcillas naturales, lo que se aprecia en su tacto, plasticidad y, sobre todo, en su olor, diferenciándose de las pastas sintéticas, habitualmente caracterizadas por ofensivos olores.
A diferencia de las pastas endurecibles del mercado, la Sio-2 PLUS puede tornearse y cocerse en horno cerámico. Una vez seca, puede colorearse o barnizarse con cualquier tipo de pintura o barniz. También puede pulirse, tallarse o perforarse.
Conforme a la normativa europea EN-71/3 y a la normativa USA (sello AP producto no tóxico).
Arcillas de secado al aire, para hacer cerámica dónde y cuándo te apetezca
"
https://www.marphil.com/producto/arcilla-liquida-para-moldes-flumo-sio2/,Arcilla líquida para moldes Flumo SIO2,19.28,Natural,980-980,"SIO-2 FLUMO® es barbotina (arcilla en estado líquido) sin cocción, que seca al aire adquiriendo gran dureza. Se usa con moldes de escayola por el sistema tradicional de colada, consiguiendo una pieza de gran calidad y de resistencia cerámica. Es un material muy adecuado para manualidades, especialmente para el mundo de las muñecas y miniaturas.
En estado líquido, el producto puede teñirse con cualquier pigmento o tinte convencional soluble en agua. Una vez seco, puede colorearse o barnizarse con cualquier tipo de pintura o barniz. También puede pulirse, tallarse o perforarse.
Conforme a la normativa europea EN-71 y a la normativa USA (sello AP producto no tóxico). Permanece inalterable en sus condiciones originales de envase por un período mínimo de dos años.
FICHA TÉCNICA
Arcillas de secado al aire, para hacer cerámica dónde y cuándo te apetezca
"
https://www.marphil.com/producto/arcilla-refractaria-zamora-5-kg-prai/,Arcilla Refractaria Zamora (PRAI) *5Kg,6.64,Refractaria,1240-1300,"La Arcilla Refractaria Zamora 5 Kg (*PRAI) es la pasta conocida como Refractario Albino (blanco) impalpable, pero en este caso en formato de 5 Kg. Chamota de 0-0,2 que no se percibe al tacto.
Una muy buena idea del fabricante para poder probar distintas pastas o bien realizar un trabajo puntual.
Pasta de gres para escultura y modelado. Plasticidad excelente.
Contiene un 40% de chamota impalpable 0-0.2 mm. Es ideal para tornear y modelar piezas con finos detalles y superficie lisa. El elevado contenido en chamota le proporciona un excelente comportamiento durante el secado y la cocción. Su particular color blanco marfil en cocción (1240-1300ºC) es muy apreciado y proporciona la base excelente para el desarrollo del color en esmaltes y óxidos colorantes.
FICHA TÉCNICA"
https://www.marphil.com/producto/arcilla-refractaria-granada-praf/,Arcilla refractaria Granada (PRAF) *5Kg,6.64,refractaria,1240-1300,"La Arcilla Refractaria Granada 5 Kg (*PRAF) es la pasta conocida como Refractario Albino (blanco) chamotado fino, pero en este caso en formato de 5 Kg. Chamota de 0-0,5 que resulta apta también para torno.
Una muy buena idea del fabricante para poder probar distintas pastas o bien realizar un trabajo puntual.
Pasta de gres para escultura y modelado. Plasticidad excelente.
Contiene un 40% de chamota fina 0-0.5 mm. Es ideal para tornear y modelar piezas con finos detalles y superficie lisa. El elevado contenido en chamota le proporciona un excelente comportamiento durante el secado y la cocción. Su particular color blanco marfil en cocción (1240-1300ºC) es muy apreciado y proporciona la base excelente para el desarrollo del color en esmaltes y óxidos colorantes.
FICHA TÉCNICA"
https://www.marphil.com/producto/arcilla-refractaria-lanzarote-prnf/,Arcilla Refractaria Lanzarote (PRNF) *5Kg,7.18,Refractaria,1200-1260,"La Arcilla Refractaria Lanzarote 5 Kg (*PRNF) es la pasta conocida como Refractario Negro chamotado fino, pero en este caso en formato de 5 Kg.
Pasta de gres para escultura y modelado. Plasticidad excelente.
Contiene un 40% de chamota fina 0-0.5 mm. Es ideal para escultura y murales decorativos. El elevado contenido en chamota confiere carácter a la pieza y le proporciona un excelente comportamiento durante el secado y la cocción. En cocción (1200-1260ºC), desarrolla un particular color marrón tostado oscuro, muy popular y apreciado, con destonificaciones que realzan el relieve, convirtiéndola en un medio de expresión artístico ideal.
FICHA TÉCNICA"
https://www.marphil.com/producto/refractario-albino-impalpable-prai/,Refractario Albino Impalpable PRAI 12.5 kg,15.05,chamota,1240-1300,"Refractario Albino Impalpable PRAI cuya temperatura de cocción es de 1240º-1300º.
Se suministra en formato de 12,5 Kg.
Con chamota impalpable de granulometría 0.02 mm.
Utilizable en muy diversas aplicaciones: cerámica estructural, decorativa y, especialmente, artística, en cuyo ámbito destaca en su utilización para murales y escultura. Excelente comportamiento en secado, incluso en piezas de gran espesor.
A diferentes temperaturas entre 1100º y 1300º, para mono y bicocción, en atmósfera oxidante y reductora, se obtiene un interesante gradiente de colores.
FICHA TÉCNICA"
https://www.marphil.com/producto/refractario-albino-fino-praf/,Refractario Albino Fino PRAF 12.5 kg,15.05,refractaria,1240-1300,"Arcilla refractaria blanca con chamota fina. Su temperatura de cocción es de 1240º-1300º.
Se suministra en formato de 12,5 Kg.
Con chamota fina de granulometría 0-0.5 mm.
Utilizable en muy diversas aplicaciones: cerámica estructural, decorativa y, especialmente, artística, en cuyo ámbito destaca en su utilización para murales y escultura. Excelente comportamiento en secado, incluso en piezas de gran espesor.
A diferentes temperaturas entre 1100º y 1300º, para mono y bicocción, en atmósfera oxidante y reductora, se obtiene un interesante gradiente de colores.
FICHA TÉCNICA"
https://www.marphil.com/producto/refractario-albino-medio-pram/,Refractario Albino Medio PRAM 12.5 kg,15.05,chamota,1240-1300,"Refractario Albino Medio PRAM cuya temperatura de cocción es de 1240º-1300º.
Con chamota media de granulometría 0-1.5 mm.
Se suministra en formato de 12,5 Kg.
Utilizable en muy diversas aplicaciones: cerámica estructural, decorativa y, especialmente, artística, en cuyo ámbito destaca en su utilización para murales y escultura. Excelente comportamiento en secado, incluso en piezas de gran espesor.
A diferentes temperaturas entre 1100º y 1300º, para mono y bicocción, en atmósfera oxidante y reductora, se obtiene un interesante gradiente de colores.
FICHA TÉCNICA"
https://www.marphil.com/producto/refractario-gris-impalpable-prgi/,Refractario Impalpable PRGI 12.5 kg,13.96,marrón,1240-1250,"Pasta refractaria tostada con chamota impalpable (0-0.2 mm.), para aprovechar los beneficios de la chamota en cuanto a secado y resistencia, pero sin notar la textura de la misma. Diseñada para cerámica artística.
De color tostado en cocción (recomendado 1240-1250ºC).
Envase de 12,5 Kg. Su elevada plasticidad la hace óptima para el modelado.
En cocción, desarrolla un particular color marrón tostado luminoso, muy popular y apreciado, con destonificaciones que realzan el relieve, convirtiéndola en un medio de expresión artístico ideal. Muy utilizada para murales y escultura. Presenta muy buen comportamiento para Rakú.
FICHA TÉCNICA"
https://www.marphil.com/producto/refractario-gris-fino-prgf/,Refractario Fino PRGF 12.5 kg,13.96,refractaria,1240-1300,"Arcilla refractaria tostada con 40% chamota fina 0-0.5 mm.
Temperatura de cocción de 1240º-1300º.
Se suministra en envases de 12,5 Kg.
Utilizable en muy diversas aplicaciones: cerámica estructural, decorativa y, especialmente, artística, en cuyo ámbito destaca en su utilización para murales y escultura. Excelente comportamiento en secado, incluso en piezas de gran espesor.
A diferentes temperaturas entre 1100º y 1300º, para mono y bicocción, en atmósfera oxidante y reductora, se obtiene un interesante gradiente de colores.
FICHA TÉCNICA"
https://www.marphil.com/producto/refractario-gris-medio-prgm/,Refractario Medio PRGM 12.5 kg,13.96,refractaria,1240-1300,"La arcilla refractaria PRGM cuya temperatura de cocción es de 1240º-1300ºC contiene un 40% de chamota media 0-1.5 mm. Se suministra en envases de 12,5 Kg. De color tostado en cocción.
Utilizable en muy diversas aplicaciones: cerámica estructural, decorativa y, especialmente, artística, en cuyo ámbito destaca en su utilización para murales y escultura. Excelente comportamiento en secado, incluso en piezas de gran espesor.
A diferentes temperaturas entre 1100º y 1300º, para mono y bicocción, en atmósfera oxidante y reductora, se obtiene un interesante gradiente de colores.
FICHA TÉCNICA"
https://www.marphil.com/producto/berlin-gris-chamota-impalpable-12-5-kg/,Berlín Gris Chamota Impalpable 12.5 KG,17.38,Gris,1200-1300,"El Refractario BERLIN Color Gris se presenta extrusionado con un 40% chamota impalpable 0-0.2 mm.
Diseñado para cerámica artística y decorativa, es ideal para escultura y piezas de exterior (jardineras, pavimento, etc.). En función de la temperatura de cocción, desarrolla una bella gama de grises, desde el tono cemento al gris oscuro, que satisface las tendencias más vanguardistas en cerámica artística y decorativa.
Temperatura de cocción: 1200-1300ºC
Temperatura bizcocho: 1000ºC
Humedad: 17%."
https://www.marphil.com/producto/porcelana-blanca-aneto/,Porcelana ANETO blanca 5kg.,14.44,Natural,1230-1270,"La Porcelana Blanca Aneto de la firma Sio2 es una porcelana blanca traslúcida que destaca por su alta plasticidad, lo que la hace excepcional para trabajar al torno y para modelar. Su fórmula es muy estable y permite un rango de cocción seguro entre 1230 y 1270ºC. Disponible en pasta plástica extrusionada. Se presenta en un práctico formato cilíndrico de 5 kg con doble envase.
Temperatura de cocción: 1230-1270ºC
Temperatura bizcocho: 1000ºC
Humedad: 21%.
FICHA TÉCNICA"
https://www.marphil.com/producto/porcelana-blanca-lotus-imperial/,Porcelana LOTUS extra blanca 5kg.,21.43,Natural,1260-1290,"La porcelana Lotus Imperial se caracteriza por su extraordinaria blancura. Ideal para vajilla y porcelana decorativa. Disponible en pasta plástica extrusionada. Se presenta en un práctico formato cilíndrico de 5 kg con doble envase.
Temperatura de cocción: 1260-1290ºC.
Temperatura bizcocho: 1000ºC
Humedad: 24%
Contracción secado: 5.8%
Contracción cocción (1270ºC): 9.1%
Porosidad (absorción de agua 1270ºC): 0.0%
FICHA TÉCNICA"
https://www.marphil.com/producto/porcelana-blanca-jade-imperial/,Porcelana JADE traslúcida 5kg.,29.43,Natural,1260-1290,"La porcelana Jade Imperial super translúcida procede de la ciudad de Jingdezhen, capital mundial y cuna de la porcelana imperial china desde hace 1.700 años. Se caracteriza por su extraordinaria translucidez y blancura. Es ideal para trabajos decorativos y vajillas. Disponible en pasta plástica extrusionada. Se presenta en un práctico formato cilíndrico de 5 kg con doble envase.
Temperatura de cocción: 1260-1290ºC
Temperatura bizcocho: 1000ºC
Humedad: 25%
Contracción secado: 5.9%
Contracción cocción (1270ºC): 10.2%
Porosidad (absorción de agua 1270ºC): 0.0%
FICHA TÉCNICA"
https://www.marphil.com/producto/porcelana-lagoon-verde-5-kg/,Porcelana LAGOON Verde 5 Kg.,20.58,Verde,1200-1240,"LAGOON es una porcelana que destaca por su bella y estimulante gama de azules turquesa en su rango de cocción. Presenta una elevada plasticidad, lo que la hace idónea para trabajar al torno y para modelar. Su fórmula es muy estable y permite un rango de cocción seguro entre 1200 y 1240ºC (atmósfera oxidante). Apto para vajilla (food-safe), según ISO 6486. Disponible en pasta plástica extrusionada. Se presenta en formato cilíndrico de 5 kg en caja de cartón.
Temperatura de cocción: 1200-1240ºC
Temperatura bizcocho: 1000ºC
Humedad: 23%
Contracción secado: 5.6%
Contracción cocción 1240ºC: 10.6%
Peso/Volumen 5 kg
Chamota Sin chamota (liso)."
https://www.marphil.com/producto/porcelana-azul-upsala/,Porcelana UPSALA azul 5kg.,21.6,azul,1200-1240,"La Porcelana Azul Upsala destaca por su exclusivo color azul cobalto. Presenta una elevada plasticidad, lo que la hace idónea para trabajar al torno y para modelar. Su fórmula es muy estable y permite un rango de cocción seguro entre 1200 y 1240ºC (atmósfera oxidante). Disponible en pasta plástica extrusionada. Se presenta en un práctico formato cilíndrico de 5 kg con doble envase.
Temperatura de cocción: 1200-1240ºC
Temperatura bizcocho: 1000ºC
Humedad: 21%
Contracción secado: 5.2%
Contracción cocción (1220ºC): 10.4%
Porosidad (absorción de agua 1220ºC): 0.0%
FICHA TÉCNICA"
https://www.marphil.com/producto/porcelana-negra-black-ice/,Porcelana BLACK ICE negra 5kg.,18.91,negro,1200-1240,"La Porcelana Negra Black Ice destaca por su bello color negro grafito. Presenta una elevada plasticidad, lo que la hace idónea para trabajar al torno y para modelar. Su fórmula es muy estable y permite un rango de cocción seguro entre 1200 y 1240ºC.
*Tengamos en cuenta que las pastas negras son más sensibles a sus rangos de temperatura y no podremos llegar con ella a la temperatura con la que sí llegaremos con la blanca.
Se presenta en un práctico formato cilíndrico de 5 kg de masa plástica con doble envase.
Temperatura de cocción: 1200-1240ºC
Temperatura bizcocho: 1000ºC
Humedad: 20%
FICHA TÉCNICA"
https://www.marphil.com/producto/productorefractario-zumaia-color-gris/,Zumaia Gris CH-Fina 12.5 kg,17.38,Gris,1200-1300,"El Refractario ZUMAIA Color Gris se presenta extrusionado con un 40% chamota fina 0-0.5 mm.
Diseñado para cerámica artística y decorativa, es ideal para escultura y piezas de exterior (jardineras, pavimento, etc.). El elevado contenido en chamota confiere carácter a la pieza cerámica y le proporciona un excelente comportamiento durante el secado y la cocción. En función de la temperatura de cocción, desarrolla una bella gama de grises, desde el tono cemento al gris oscuro, que satisface las tendencias más vanguardistas en cerámica artística y decorativa.
Temperatura de cocción: 1200-1300ºC
Temperatura bizcocho: 1000ºC
Humedad: 17%.
FICHA TÉCNICA"
https://www.marphil.com/producto/barcino-refractario-gris-12-5-kg/,Barcino Gris CH-Media 12.5 Kg.,17.38,Gris,1200-1300,"Pasta refractaria de color gris con 40% chamota media 0-1.5 mm.
Diseñada para cerámica artística y decorativa, es ideal para esculturas de mayor tamaño y piezas grandes de exterior. El elevado contenido en chamota confiere carácter a la pieza cerámica y le proporciona un excelente comportamiento durante el secado y la cocción. En función de la temperatura de cocción, desarrolla una bella gama de grises, desde el tono cemento al gris oscuro, que satisface las tendencias más vanguardistas en cerámica artística y decorativa. Disponible en pasta plástica extrusionada.
Temperatura de cocción: 1200-1300ºC
Temperatura bizcocho: 1000ºC
Humedad: 17%.
FICHA TÉCNICA
 "
https://www.marphil.com/producto/refractario-toffee-impalpable/,Refractario Toffee impalpable,15.57,beige,1200-1300,"Presentamos la nueva pasta refractaria TOFFEE, un gres de tonos caramelo que complementa la exitosa gama de pastas refractarias SIO-2® para cerámica artística.
Contiene un 40% de chamota impalpable 0-0.2 mm, por lo que es ideal para tornear y modelar piezas con finos detalles y superficie lisa. Su elevado contenido en chamota le proporciona un excelente comportamiento durante el secado y la cocción, siendo adecuada tanto para profesionales como aficionados.
En función de la temperatura de cocción, desarrolla una bella gama de tonos naturales, desde el beige avena al marrón caramelo, que crean una base cálida muy apreciada en decoración cerámica, pues marida a la perfección tanto en espacios tradicionales como vanguardistas. Es también apta para vajilla (food-safe).
Temperatura de cocción: 1200-1300ºC
Temperatura bizcocho: 1000ºC
Humedad: 19%
Unidad de venta: 12.5 kg."
https://www.marphil.com/producto/refractario-rojo-marte-12-5-kg/,Refractario Rojo MARTE 12.5 Kg.,14.17,Rojo,1100-1260,"Pasta refractaria roja con 40% chamota fina 0-0.5 mm. Diseñada para cerámica artística, es ideal para escultura y murales decorativos. El elevado contenido en chamota confiere carácter a la pieza cerámica y le proporciona un excelente comportamiento durante el secado y la cocción. En función de la temperatura de cocción, desarrolla una bella gama de tonos rojos que se intensifican con la temperatura y que proporcionan un medio de expresión artístico ideal. Disponible en pasta plástica extrusionada.
Temperatura de cocción*: 1100-1260ºC
Temperatura bizcocho: 1000ºC
Humedad: 19%
12.5 Kg.
Contracción secado: 6.6%
Contracción cocción 1260ºC: 3.8%
Porosidad (absorción de agua) 1260ºC: 8.6%
Resistencia mecánica en seco: 2.1 N/mm2
(*) Rango de cocción recomendado para que la pasta desarrolle sus mejores prestaciones, tanto a nivel de características técnicas como de seguridad, en condiciones de cocción convencionales. Las muestras de color pueden mostrar temperaturas fuera del rango recomendado para brindar una visión más amplia, pero se trata de piezas cocidas en condiciones controladas."
https://www.marphil.com/producto/refractario-negro-impalpable-prni/,Refractario Negro Impalpable PRNI 12.5 kg,15.71,Negro,1200-1240,"El Refractario Negro Impalpable PRNI puede utilizarse en muy diversas aplicaciones: cerámica estructural, decorativa y, especialmente, artística, en cuyo ámbito destaca en su utilización para murales y escultura.
Envase de 12,5 Kg. Pasta refractaria negra chamotada (1200º-1240ºC).
Esta variedad de chamotado impalpable contiene chamota pulverizada que ayuda a evitar agrietado sin que notemos la textura.
A diferentes temperaturas entre 1100º y 1240º, para mono y bicocción, en atmósfera oxidante y reductora, se obtiene un interesante gradiente de colores.
FICHA TÉCNICA"
https://www.marphil.com/producto/aletsch-porcelana-con-chamota-moloquita/,Porcelana ALETSCH con chamota 5kg.,19.7,chamota,1230-1270,"Aletsch es una porcelana blanca de la firma Sio-2 con 20% de chamota 0.2-0.5 mm de moloquita.
La moloquita confiere a la porcelana una textura muy particular y le proporciona un excelente comportamiento durante el secado y la cocción. Su fórmula es muy estable y permite un rango de cocción seguro entre 1230 y 1270°C. Disponible en pasta plástica extrusionada. Se presenta en un práctico formato cilíndrico de 5 kg con doble envase.
FICHA TÉCNICA"
https://www.marphil.com/producto/cellulain-porcelana-con-fibra-de-papel/,Porcelana CELLULAIN con Fibra de Papel 5kg,19.57,Natural,1230-1270,"Cellulain es una porcelana blanca traslúcida con fibra de papel que destaca por su excepcional plasticidad, lo que la hace única para el modelado. Está especialmente diseñada para la creación en porcelana de formas imposibles. La presencia de fibras de papel en su interior evita la formación de grietas y deformaciones, convirtiéndola en un medio de expresión artística muy particular. Su fórmula es muy estable y permite un rango de cocción seguro entre 1230 y 1270ºC. Disponible en pasta plástica extrusionada.
Se presenta en un práctico formato cilíndrico de 5 kg con doble envase.
Temperatura de cocción: 1230-1270ºC
Temperatura bizcocho: 1000ºC
Humedad: 26%
Contracción secado: 4.4%
Contracción cocción (1250ºC): 11.4%
Porosidad (absorción de agua 1250ºC): 2.8%
FICHA TÉCNICA
*Foto pieza: Penélope Vallejo"
https://www.marphil.com/producto/porcelana-blanca-saf-2/,Porcelana SAF blanca 10Kg.,13.58,Natural,1260-1300,"La Porcelana Blanca SAF Extrusionada está destinada a trabajos de prensa o modelado a mano. Se presenta en masa extrusionada y con envasado al vacío en bloque de 10 Kg.
Temperatura de cocción de 1260-1300ºC.
FICHA TÉCNICA"
https://www.marphil.com/producto/130-gres-blanco-vicar-sin-ch-mp/,130 Gres Blanco sin chamota 12.5 kg,13.01,Blanco,1250-1250,"Pasta Gres de modelado de color blanco/grisáceo en cocido.
Formato de venta de 12.5 kg.
Temperatura recomendada 1250ºC
Contracción de secado:  4.5 – 6.5 %
Pérdida al fuego:   5,2 – 6,2 %
*Extrememos el cuidado durante el secado con todas las pastas, especialmente estos greses, para evitar fisuras que luego se hagan visibles en la cocción.
FICHA TÉCNICA"
https://www.marphil.com/producto/130-ch-f-gres-vicar-blanco-mp/,130 CH-F Gres Blanco 12.5 kg,15.89,Blanco,1250-1250,"Pasta Gres de modelado de color blanco/grisáceo en cocido.
Incorpora chamota fina de granulometría 0-0.5 mm.
Contracción de secado:  4.5 – 6.5 % / Pérdida al fuego:  5 %
Formato de venta: 12.5 kg.
Temperatura recomendada 1250ºC
*Extrememos el cuidado durante el secado con todas las pastas, especialmente estos greses, para evitar fisuras y roturas que sean visibles tras la cocción.
FICHA TÉCNICA
 "
https://www.marphil.com/producto/gres-bt-torno/,Gres Fino Blanco BT 10 kg,12,Blanco,1260-1280,"Gres Blanco BT Torno es un gres refractario con chamota muy fina (impalpable al tacto).  Idóneo para trabajar al torno por su finura y su plasticidad. Color blanco en oxidante (horno eléctrico) y crema en reducción (gas).
Se suministra en formato de 10 Kg.
Temperatura de cocción de 1260-1280ºC.
Se utiliza en la fabricación de vajillas realizadas a mano, también apreciado para modelar debido a que no tiene textura y confiere a las piezas un aspecto liso.
FICHA TÉCNICA"
https://www.marphil.com/producto/pcli-paperclay/,Gres con Fibra de Papel PCLI PaperClay 12.5 KG,18.23,Natural,1100-1260,"El Gres Fibra de Papel PCLI «PaperClay» está diseñado para cerámica artística y escultura, siendo idónea, por su gran plasticidad, para torno y modelado.
Se suministra en envases de 12,5 Kg. Está especialmente indicada para la realización de formas imposibles y de secado difícil. Su amplio rango de temperatura (1100º-1260ºC) hace que sea muy versátil a la hora de esmaltar.
La presencia de fibras de papel en su interior evitan la formación de grietas y deformaciones, y convierten la PCL en un medio de expresión artístico extraordinario.
FICHA TÉCNICA"
https://www.marphil.com/producto/pgv-gres-culinario/,Gres Blanco PGV 1150ºC 12.5 kg,15.29,Blanco,1180-1180,"El Gres Culinario PGV contiene una fórmula especial concebida para la realización de piezas para vajilla de alta resistencia al impacto. Gresifica a media temperatura (semigres), lo cual nos amplía mucho las posibilidades de esmaltado.
Se suministra en formato de 12,5 Kg.
Rango de temperatura recomendada en torno a 1180ºC.
El color blanco en cocción proporciona la base excelente para el desarrollo de color en esmaltes y óxidos colorantes, siendo una pasta muy adecuada para múltiples aplicaciones. Su fina textura la hacen ideal para tornear y modelar.
FICHA TÉCNICA"
https://www.marphil.com/producto/gres-crema-wm-2502/,Gres Crema WM-2502 10 kg,16.72,Crema,1000-1300,"Gres Crema WM-2502 para torno y modelado de excelente plasticidad.
Procedente de la firma alemana Sibelco. Con 25% de chamota impalpable 0-0.2mm. Para cerámica artística y decorativa.
Ideal para tornear y modelar.
Rango cocción: 1000ºC-1300ºC.
Se suministra en formato de 10 Kg.
Agradable tonalidad crema / tostado.
 "
https://www.marphil.com/producto/arcilla-blanca-montesa-m58/,Arcilla Blanca M5/8 12.5 kg,9.86,Natural,1000-1000,"La Arcilla Blanca Montesa M5/8 es una pasta de loza calcárea de cocción muy blanca. Su composición mantiene unas condiciones estables para unas temperaturas de cocción comprendidas entre 1000º C y 1050º C*. Destinadas al torneado manual y a máquina, roller y prensado.
Envase de 12,5 Kg.
*Bizcochar siempre las pastas blancas (calcáreas) de baja temperatura a un mínimo de 1.000º-1050ºC, para evitar roturas y favorecer el desarrollo del esmalte en segunda cocción
FICHA TECNICA"
https://www.marphil.com/producto/pa-arcilla-blanca/,Arcilla Blanca PA 12.5 kg,9.92,Natural,1050-1080,"La Arcilla Blanca PA es especial para torno y modelado. Pasta muy polivalente y apreciada por su finura, plasticidad y regularidad.
Envase de 12,5 Kg.
Destaca su compensada proporción de carbonato cálcico que le confiere mayor estabilidad respecto a las pastas tradicionales de loza, presentando además unos coeficientes de dilatación idóneos para los esmaltes estándares de alfarería, tanto en mono como en bicocción. Disponible en pasta plástica extrusionada con diferentes humedades para su aplicación en los distintos procesos de conformado.
Nunca nos cansaremos de advertir: Las pastas blancas de baja temperatura (lozas) son muy calcáreas. Debemos bizcochar (primera cocción) a más de 1.000ºC (1050 o1100 sin miedo) para que esta cal desaparezca del todo y luego no tengamos problemas de roturas y esmaltado en segunda cocción.
FICHA TÉCNICA"
https://www.marphil.com/producto/pa-ch-fina-arcilla-blanca-chamotada/,Arcilla Blanca PA-CH 12.5 kg,12.28,chamota,1050-1050,"La Arcilla Blanca Ch-Fina PA-CH tiene un 20% de chamota fina 0-0.5 mm. Ideal para piezas de tamaño medio.
Se suministra en envase de 12,5 Kg.
La presencia de chamota le confiere una superficie texturada (no lisa) muy interesante y, a su vez, le aporta unas propiedades idóneas para la elaboración de piezas de secado difícil, evitando deformaciones y aparición de grietas. Disponible en pasta plástica extrusionada, siendo adecuada para modelar y moldear.
Como norma general para todas las arcillas blancas de baja temperatura, recordamos la importancia de cocer la primera cocción (bizcochado) a 1050ºC aprox., siempre mínimo de 1.000, pues es necesario que la cal existente se elimine. Su presencia nos puede suponer agrietados, roturas y problemas de esmaltado.
FICHA TÉCNICA"
https://www.marphil.com/producto/pasta-roja-tradicional-pf/,Arcilla Roja Tradicional PF 12.5 Kg,6.2,Natural,970-1055,"La arcilla roja tradicional PF de alfarería de alta calidad. Pasta muy polivalente y apreciada por su finura, plasticidad y regularidad.
Envase de 12,5 Kg.
Presenta unos coeficientes de dilatación idóneos para los esmaltes estándares de alfarería, tanto en mono como en bicocción. A destacar sus magníficos resultados en atmósfera reductora (técnica de reflejos metálicos).
FICHA TÉCNICA"
https://www.marphil.com/producto/refractario-negro-fino-prnf/,Refractario Negro Fino PRNF 12.5 kg,15.71,Negro,1200-1260,"El Refractario Negro Fino PRNF es apto para torno. Contiene 40% de chamota fina 0-0.5 mm.
Envase de 12,5 Kg. Temperatura recomendada de cocción 1200º-1260ºC.
Utilizable en muy diversas aplicaciones: cerámica estructural, decorativa y, especialmente, artística, en cuyo ámbito destaca en su utilización para murales y escultura. Excelente comportamiento en secado, incluso en piezas de gran espesor.
A diferentes temperaturas entre 1100º y 1260º, para mono y bicocción, en atmósfera oxidante y reductora, se obtiene un interesante gradiente de colores.
FICHA TÉCNICA"
https://www.marphil.com/producto/refractario-negro-medio-prnm/,Refractario Negro Medio PRNM 12.5 kg,15.71,Negro,1200-1260,"El Refractario Negro Medio PRNM es una pasta con una chamota intermedia muy apropiada para modelado escultórico. Contiene un 40% de chamota media 0-1.5 mm.
Envase de 12,5 Kg. Su temperatura de cocción es de 1200º-1260º.
Utilizable en muy diversas aplicaciones: cerámica estructural, decorativa y, especialmente, artística, en cuyo ámbito destaca en su utilización para murales y escultura. Excelente comportamiento en secado, incluso en piezas de gran espesor.
A diferentes temperaturas entre 1100º y 1260º, para mono y bicocción, en atmósfera oxidante y reductora, se obtiene un interesante gradiente de colores.
FICHA TÉCNICA"
https://www.marphil.com/producto/refractario-negro-grueso-prn/,Refractario Negro Grueso PRNG 12.5 kg,16.09,Negro,1200-1260,"El Refractario Negro Grueso PRNG es una pasta diseñada para cerámica artística. Contiene un 40% de chamota gruesa de 1-3 mm. Envase de 12,5 Kg. Pasta refractaria negra chamotada (1200º-1260ºC).
Su intenso color negro en cocción oxidante es muy exclusivo y apreciado, convirtiéndola en un medio de expresión artístico ideal. En atmósfera reductora se obtienen excelentes efectos de metalizaciones de bellos tonos azulados.
PRNG: Pasta refractaria negra con chamota gruesa 1-3 mm. Ideal para esculturas de grandes dimensiones y piezas con una gran expresividad artística. Disponible en pasta plástica extrusionada.
FICHA TÉCNICA"
https://www.marphil.com/producto/pasta-roja-chamotada-pf-ch-f/,Arcilla Roja Chamotada PF CH-F 12.5 kg,7.74,chamota,970-1055,"La arcilla roja chamotada PF CH-F con el 20% de chamota fina 0-0.5 mm. Ideal para piezas de tamaño medio.
Envase de 12,5 Kg.
La presencia de chamota le confiere una superficie texturada (no lisa) que le da carácter y, a su vez, le aporta unas propiedades idóneas para la elaboración de piezas de secado difícil, evitando deformaciones y aparición de grietas. Disponible en pasta plástica extrusionada, siendo adecuada para modelar y moldear.
FICHA TÉCNICA"
https://www.marphil.com/producto/pt-arcilla-terracota/,PT Arcilla Terracota 12.5 kg,7.99,marrón,980-980,"Nueva Arcilla Terracota PT.
Fórmula ajustada manteniendo la misma calidad y prestaciones. Más marrón en crudo que la anterior PT, debido al cambio de yacimiento de la materia prima pero es mismo tono en cocción (más suave que la arcilla roja tradicional).
Formato de 12.5 kg.
FICHA TÉCNICA"
https://www.marphil.com/producto/pasta-terracota-chamotada-pt-ch-f/,Arcilla Terracota Chamotada PT CH-F 12.5 kg,8.48,marrón,990-1085,"Arcilla terracota chamotada PT CH-F con el 25% de chamota fina 0-0.5 mm. Ideal para piezas de tamaño medio.
Envase de 12,5 Kg.
Fórmula ajustada manteniendo la misma calidad y prestaciones. Más marrón en crudo que la anterior PT, debido al cambio de yacimiento de la materia prima pero es mismo tono en cocción (más suave que la arcilla roja tradicional).
La presencia de chamota le confiere una superficie texturada (no lisa) que le da carácter y, a su vez, le aporta unas propiedades idóneas para la elaboración de piezas de secado difícil, evitando deformaciones y aparición de grietas. Su alta resistencia a la helada y a la degradación ambiental la hacen ideal para piezas expuestas al exterior (jardineras de gran tamaño, azulejos, tejas, etc.). Disponible en pasta plástica extrusionada, siendo adecuada para modelar y moldear.
FICHA TÉCNICA"
https://www.marphil.com/producto/arcilla-negra-pm/,Arcilla Negra PM Manganeso 12.5 kg,11.53,negro,970-1025,"Arcilla Negra PM Manganeso es una pasta negra de baja temperatura para torno y modelado.
Temperatura de cocción 970º-1025º.
Envase de 12,5 Kg. Su color negro en atmósfera oxidante destaca en la gama de colores de baja temperatura.
Excelente comportamiento con esmaltes.
En general las arcillas negras serán las más «blandas» de sus familias. Es decir, deberemos tener cuidado de aproximarnos a sus temperaturas límite superiores. Si bien una loza o una pasta roja de baja no va a tener problemas si la llevamos a 1100ºC, la pasta negra no debemos llevarla a esos límites.
FICHA TÉCNICA"
https://www.marphil.com/producto/arcilla-azul-pla/,Arcilla Azul PLA 5 kg,17.92,Azul,1050-1080,"La Arcilla Azul PLA destaca por su apreciado color azul a baja temperatura y atmósfera oxidante (=horno eléctrico).
Se presenta en envase de 5 Kg.
De gran finura y plasticidad, lo que le confiere unas magníficas prestaciones para tornear y modelar. Muy buen comportamiento con esmaltes. Disponible en pasta plástica extrusionada.
Temperatura de cocción: 1050-1080ºC
FICHA TÉCNICA"
https://www.marphil.com/producto/arcilla-verde-plv/,Arcilla Verde PLV 5 kg,15.42,Verde,1050-1080,"La Arcilla Verde PLV destaca por su apreciado color verde a baja temperatura y atmósfera oxidante (=horno eléctrico).
Se presenta en envase de 5 Kg.
Presenta una gran finura y plasticidad que le ofrece unas magníficas prestaciones para tornear y modelar. Muy buen comportamiento con esmaltes. Disponible en pasta plástica extrusionada de 5 Kg.
Temperatura de cocción: 1050-1080ºC.
FICHA TÉCNICA"
https://www.marphil.com/producto/arcilla-apache/,Arcilla Roja Apache 12.5 kg,13.02,Natural,920-1000,"La arcilla roja Apache es una pasta micácea concebida gracias a la colaboración del ceramista de New México, Felipe Ortega, recrea la composición original de arcillas utilizadas por la tradición Apache para la realización de cerámica utilitaria de uso al fuego directo.
Envase de 12,5 Kg.
Se compone de arcillas rojas de bajo coeficiente de dilatación y, sobre todo, de una matriz abundante de mica, que le confiere elasticidad y le da un acabado muy reconocible. Apta para llama directa y alfarería.
Su carácter original se obtiene mediante cocción con leña.
Temperatura de cocción: 920-1000ºC
FICHA TÉCNICA"
https://www.marphil.com/producto/gres-nt/,"Gres NT impalpable 12,5 kg.",16.31,Crema,1260-1280,"Gres Crema NT Chamota impalpable. Contiene un 18 % de chamota de granulometría de 0-0.2 mm. Color crema en oxidante y marón claro en reducción. Temperatura de cocción de 1260-1280ºC.
Se suministra en formato de 12,5 Kg.
Idóneo para trabajar al torno por su finura y su plasticidad.
Se utiliza en la fabricación de vajillas realizadas a mano, por su color y textura les confiere un aspecto rústico.
Adecuado también para la fabricación de piezas de decoración.
FICHA TÉCNICA"
https://www.marphil.com/producto/gres-nt-rojo/,Gres Rojo NT-R fino/Impalpable 12.5 kg,17.79,Rojo,1240-1280,"Gres NT-Rojo Chamota Impalpable. Contiene un 40% de chamota de granulometría de 0-0.2 mm.
Se suministra en formato de 12,5 Kg.
Color rojo en oxidante y granate metalizado en reducción.
Temperatura de cocción 1240ºC-1280ºC.
Por su finura y plasticidad es idóneo para trabajar a torno y modelado."
https://www.marphil.com/producto/gres-ct/,Gres CT Chamota Fina 12.5 kg,14,Chamota,1280-1280,"Gres Chamotado CT de color tostado. Contiene un 39% de chamota, granulometría de 0-0.5 mm.
Se suministra en formato de 12,5 Kg.
Temperatura de cocción 1280ºC.
Por su comportamiento se puede utilizar desde el torno hasta la creación de murales y esculturas.
Idóneo para la creación de piezas de rakú, ya que soporta muy bien el cambio de temperatura."
